InventoryID,BookID,Title,Author,ISBN,Status,Quantity,DigitalCopyLink
B0001,1,Book 1,Author 1,9780000000001,Available,1,https://library.example.com/books/1
B0002,2,Book 2,Author 2,9780000000002,Available,1,https://library.example.com/books/2
B0003,3,Book 3,Author 3,9780000000003,Available,1,https://library.example.com/books/3
B0004,4,Book 4,Author 4,9780000000004,Available,1,https://library.example.com/books/4
B0005,5,Book 5,Author 5,9780000000005,Available,1,https://library.example.com/books/5
B0006,6,Book 6,Author 6,9780000000006,Available,1,https://library.example.com/books/6
B0007,7,Book 7,Author 7,9780000000007,Available,1,https://library.example.com/books/7
B0008,8,Book 8,Author 8,9780000000008,Available,1,https://library.example.com/books/8
B0009,9,Book 9,Author 9,9780000000009,Available,1,https://library.example.com/books/9
B0010,10,Book 10,Author 10,9780000000010,Available,1,https://library.example.com/books/10
B0011,11,Book 11,Author 11,9780000000011,Available,1,https://library.example.com/books/11
B0012,12,Book 12,Author 12,9780000000012,Available,1,https://library.example.com/books/12
B0013,13,Book 13,Author 13,9780000000013,Available,1,https://library.example.com/books/13
B0014,14,Book 14,Author 14,9780000000014,Available,1,https://library.example.com/books/14
B0015,15,Book 15,Author 15,9780000000015,Available,1,https://library.example.com/books/15
B0016,16,Book 16,Author 16,9780000000016,Available,1,https://library.example.com/books/16
B0017,17,Book 17,Author 17,9780000000017,Available,1,https://library.example.com/books/17
B0018,18,Book 18,Author 18,9780000000018,Available,1,https://library.example.com/books/18
B0019,19,Book 19,Author 19,9780000000019,Available,1,https://library.example.com/books/19
B0020,20,Book 20,Author 20,9780000000020,Available,1,https://library.example.com/books/20
B0021,21,Book 21,Author 21,9780000000021,Available,1,https://library.example.com/books/21
B0022,22,Book 22,Author 22,9780000000022,Available,1,https://library.example.com/books/22
B0023,23,Book 23,Author 23,9780000000023,Available,1,https://library.example.com/books/23
B0024,24,Book 24,Author 24,9780000000024,Available,1,https://library.example.com/books/24
B0025,25,Book 25,Author 25,9780000000025,Available,1,https://library.example.com/books/25
B0026,26,Book 26,Author 26,9780000000026,Available,1,https://library.example.com/books/26
B0027,27,Book 27,Author 27,9780000000027,Available,1,https://library.example.com/books/27
B0028,28,Book 28,Author 28,9780000000028,Available,1,https://library.example.com/books/28
B0029,29,Book 29,Author 29,9780000000029,Available,1,https://library.example.com/books/29
B0030,30,Book 30,Author 30,9780000000030,Available,1,https://library.example.com/books/30
B0031,31,Book 31,Author 31,9780000000031,Available,1,https://library.example.com/books/31
B0032,32,Book 32,Author 32,9780000000032,Available,1,https://library.example.com/books/32
B0033,33,Book 33,Author 33,9780000000033,Available,1,https://library.example.com/books/33
B0034,34,Book 34,Author 34,9780000000034,Available,1,https://library.example.com/books/34
B0035,35,Book 35,Author 35,9780000000035,Available,1,https://library.example.com/books/35
B0036,36,Book 36,Author 36,9780000000036,Available,1,https://library.example.com/books/36
B0037,37,Book 37,Author 37,9780000000037,Available,1,https://library.example.com/books/37
B0038,38,Book 38,Author 38,9780000000038,Available,1,https://library.example.com/books/38
B0039,39,Book 39,Author 39,9780000000039,Available,1,https://library.example.com/books/39
B0040,40,Book 40,Author 40,9780000000040,Available,1,https://library.example.com/books/40
B0041,41,Book 41,Author 41,9780000000041,Available,1,https://library.example.com/books/41
B0042,42,Book 42,Author 42,9780000000042,Available,1,https://library.example.com/books/42
B0043,43,Book 43,Author 43,9780000000043,Available,1,https://library.example.com/books/43
B0044,44,Book 44,Author 44,9780000000044,Available,1,https://library.example.com/books/44
B0045,45,Book 45,Author 45,9780000000045,Available,1,https://library.example.com/books/45
B0046,46,Book 46,Author 46,9780000000046,Available,1,https://library.example.com/books/46
B0047,47,Book 47,Author 47,9780000000047,Available,1,https://library.example.com/books/47
B0048,48,Book 48,Author 48,9780000000048,Available,1,https://library.example.com/books/48
B0049,49,Book 49,Author 49,9780000000049,Available,1,https://library.example.com/books/49
B0050,50,Book 50,Author 50,9780000000050,Available,1,https://library.example.com/books/50
B0051,51,Book 51,Author 1,9780000000051,Available,1,https://library.example.com/books/51
B0052,52,Book 52,Author 2,9780000000052,Available,1,https://library.example.com/books/52
B0053,53,Book 53,Author 3,9780000000053,Available,1,https://library.example.com/books/53
B0054,54,Book 54,Author 4,9780000000054,Available,1,https://library.example.com/books/54
B0055,55,Book 55,Author 5,9780000000055,Available,1,https://library.example.com/books/55
B0056,56,Book 56,Author 6,9780000000056,Available,1,https://library.example.com/books/56
B0057,57,Book 57,Author 7,9780000000057,Available,1,https://library.example.com/books/57
B0058,58,Book 58,Author 8,9780000000058,Available,1,https://library.example.com/books/58
B0059,59,Book 59,Author 9,9780000000059,Available,1,https://library.example.com/books/59
B0060,60,Book 60,Author 10,9780000000060,Available,1,https://library.example.com/books/60
B0061,61,Book 61,Author 11,9780000000061,Available,1,https://library.example.com/books/61
B0062,62,Book 62,Author 12,9780000000062,Available,1,https://library.example.com/books/62
B0063,63,Book 63,Author 13,9780000000063,Available,1,https://library.example.com/books/63
B0064,64,Book 64,Author 14,9780000000064,Available,1,https://library.example.com/books/64
B0065,65,Book 65,Author 15,9780000000065,Available,1,https://library.example.com/books/65
B0066,66,Book 66,Author 16,9780000000066,Available,1,https://library.example.com/books/66
B0067,67,Book 67,Author 17,9780000000067,Available,1,https://library.example.com/books/67
B0068,68,Book 68,Author 18,9780000000068,Available,1,https://library.example.com/books/68
B0069,69,Book 69,Author 19,9780000000069,Available,1,https://library.example.com/books/69
B0070,70,Book 70,Author 20,9780000000070,Available,1,https://library.example.com/books/70
B0071,71,Book 71,Author 21,9780000000071,Available,1,https://library.example.com/books/71
B0072,72,Book 72,Author 22,9780000000072,Available,1,https://library.example.com/books/72
B0073,73,Book 73,Author 23,9780000000073,Available,1,https://library.example.com/books/73
B0074,74,Book 74,Author 24,9780000000074,Available,1,https://library.example.com/books/74
B0075,75,Book 75,Author 25,9780000000075,Available,1,https://library.example.com/books/75
B0076,76,Book 76,Author 26,9780000000076,Available,1,https://library.example.com/books/76
B0077,77,Book 77,Author 27,9780000000077,Available,1,https://library.example.com/books/77
B0078,78,Book 78,Author 28,9780000000078,Available,1,https://library.example.com/books/78
B0079,79,Book 79,Author 29,9780000000079,Available,1,https://library.example.com/books/79
B0080,80,Book 80,Author 30,9780000000080,Available,1,https://library.example.com/books/80
B0081,81,Book 81,Author 31,9780000000081,Available,1,https://library.example.com/books/81
B0082,82,Book 82,Author 32,9780000000082,Available,1,https://library.example.com/books/82
B0083,83,Book 83,Author 33,9780000000083,Available,1,https://library.example.com/books/83
B0084,84,Book 84,Author 34,9780000000084,Available,1,https://library.example.com/books/84
B0085,85,Book 85,Author 35,9780000000085,Available,1,https://library.example.com/books/85
B0086,86,Book 86,Author 36,9780000000086,Available,1,https://library.example.com/books/86
B0087,87,Book 87,Author 37,9780000000087,Available,1,https://library.example.com/books/87
B0088,88,Book 88,Author 38,9780000000088,Available,1,https://library.example.com/books/88
B0089,89,Book 89,Author 39,9780000000089,Available,1,https://library.example.com/books/89
B0090,90,Book 90,Author 40,9780000000090,Available,1,https://library.example.com/books/90
B0091,91,Book 91,Author 41,9780000000091,Available,1,https://library.example.com/books/91
B0092,92,Book 92,Author 42,9780000000092,Available,1,https://library.example.com/books/92
B0093,93,Book 93,Author 43,9780000000093,Available,1,https://library.example.com/books/93
B0094,94,Book 94,Author 44,9780000000094,Available,1,https://library.example.com/books/94
B0095,95,Book 95,Author 45,9780000000095,Available,1,https://library.example.com/books/95
B0096,96,Book 96,Author 46,9780000000096,Available,1,https://library.example.com/books/96
B0097,97,Book 97,Author 47,9780000000097,Available,1,https://library.example.com/books/97
B0098,98,Book 98,Author 48,9780000000098,Available,1,https://library.example.com/books/98
B0099,99,Book 99,Author 49,9780000000099,Available,1,https://library.example.com/books/99
B0100,100,Book 100,Author 50,9780000000100,Available,1,https://library.example.com/books/100
B0101,101,Book 101,Author 1,9780000000101,Available,1,https://library.example.com/books/101
B0102,102,Book 102,Author 2,9780000000102,Available,1,https://library.example.com/books/102
B0103,103,Book 103,Author 3,9780000000103,Available,1,https://library.example.com/books/103
B0104,104,Book 104,Author 4,9780000000104,Available,1,https://library.example.com/books/104
B0105,105,Book 105,Author 5,9780000000105,Available,1,https://library.example.com/books/105
B0106,106,Book 106,Author 6,9780000000106,Available,1,https://library.example.com/books/106
B0107,107,Book 107,Author 7,9780000000107,Available,1,https://library.example.com/books/107
B0108,108,Book 108,Author 8,9780000000108,Available,1,https://library.example.com/books/108
B0109,109,Book 109,Author 9,9780000000109,Available,1,https://library.example.com/books/109
B0110,110,Book 110,Author 10,9780000000110,Available,1,https://library.example.com/books/110
B0111,111,Book 111,Author 11,9780000000111,Available,1,https://library.example.com/books/111
B0112,112,Book 112,Author 12,9780000000112,Available,1,https://library.example.com/books/112
B0113,113,Book 113,Author 13,9780000000113,Available,1,https://library.example.com/books/113
B0114,114,Book 114,Author 14,9780000000114,Available,1,https://library.example.com/books/114
B0115,115,Book 115,Author 15,9780000000115,Available,1,https://library.example.com/books/115
B0116,116,Book 116,Author 16,9780000000116,Available,1,https://library.example.com/books/116
B0117,117,Book 117,Author 17,9780000000117,Available,1,https://library.example.com/books/117
B0118,118,Book 118,Author 18,9780000000118,Available,1,https://library.example.com/books/118
B0119,119,Book 119,Author 19,9780000000119,Available,1,https://library.example.com/books/119
B0120,120,Book 120,Author 20,9780000000120,Available,1,https://library.example.com/books/120
B0121,121,Book 121,Author 21,9780000000121,Available,1,https://library.example.com/books/121
B0122,122,Book 122,Author 22,9780000000122,Available,1,https://library.example.com/books/122
B0123,123,Book 123,Author 23,9780000000123,Available,1,https://library.example.com/books/123
B0124,124,Book 124,Author 24,9780000000124,Available,1,https://library.example.com/books/124
B0125,125,Book 125,Author 25,9780000000125,Available,1,https://library.example.com/books/125
B0126,126,Book 126,Author 26,9780000000126,Available,1,https://library.example.com/books/126
B0127,127,Book 127,Author 27,9780000000127,Available,1,https://library.example.com/books/127
B0128,128,Book 128,Author 28,9780000000128,Available,1,https://library.example.com/books/128
B0129,129,Book 129,Author 29,9780000000129,Available,1,https://library.example.com/books/129
B0130,130,Book 130,Author 30,9780000000130,Available,1,https://library.example.com/books/130
B0131,131,Book 131,Author 31,9780000000131,Available,1,https://library.example.com/books/131
B0132,132,Book 132,Author 32,9780000000132,Available,1,https://library.example.com/books/132
B0133,133,Book 133,Author 33,9780000000133,Available,1,https://library.example.com/books/133
B0134,134,Book 134,Author 34,9780000000134,Available,1,https://library.example.com/books/134
B0135,135,Book 135,Author 35,9780000000135,Available,1,https://library.example.com/books/135
B0136,136,Book 136,Author 36,9780000000136,Available,1,https://library.example.com/books/136
B0137,137,Book 137,Author 37,9780000000137,Available,1,https://library.example.com/books/137
B0138,138,Book 138,Author 38,9780000000138,Available,1,https://library.example.com/books/138
B0139,139,Book 139,Author 39,9780000000139,Available,1,https://library.example.com/books/139
B0140,140,Book 140,Author 40,9780000000140,Available,1,https://library.example.com/books/140
B0141,141,Book 141,Author 41,9780000000141,Available,1,https://library.example.com/books/141
B0142,142,Book 142,Author 42,9780000000142,Available,1,https://library.example.com/books/142
B0143,143,Book 143,Author 43,9780000000143,Available,1,https://library.example.com/books/143
B0144,144,Book 144,Author 44,9780000000144,Available,1,https://library.example.com/books/144
B0145,145,Book 145,Author 45,9780000000145,Available,1,https://library.example.com/books/145
B0146,146,Book 146,Author 46,9780000000146,Available,1,https://library.example.com/books/146
B0147,147,Book 147,Author 47,9780000000147,Available,1,https://library.example.com/books/147
B0148,148,Book 148,Author 48,9780000000148,Available,1,https://library.example.com/books/148
B0149,149,Book 149,Author 49,9780000000149,Available,1,https://library.example.com/books/149
B0150,150,Book 150,Author 50,9780000000150,Available,1,https://library.example.com/books/150
B0151,151,Book 151,Author 1,9780000000151,Available,1,https://library.example.com/books/151
B0152,152,Book 152,Author 2,9780000000152,Available,1,https://library.example.com/books/152
B0153,153,Book 153,Author 3,9780000000153,Available,1,https://library.example.com/books/153
B0154,154,Book 154,Author 4,9780000000154,Available,1,https://library.example.com/books/154
B0155,155,Book 155,Author 5,9780000000155,Available,1,https://library.example.com/books/155
B0156,156,Book 156,Author 6,9780000000156,Available,1,https://library.example.com/books/156
B0157,157,Book 157,Author 7,9780000000157,Available,1,https://library.example.com/books/157
B0158,158,Book 158,Author 8,9780000000158,Available,1,https://library.example.com/books/158
B0159,159,Book 159,Author 9,9780000000159,Available,1,https://library.example.com/books/159
B0160,160,Book 160,Author 10,9780000000160,Available,1,https://library.example.com/books/160
B0161,161,Book 161,Author 11,9780000000161,Available,1,https://library.example.com/books/161
B0162,162,Book 162,Author 12,9780000000162,Available,1,https://library.example.com/books/162
B0163,163,Book 163,Author 13,9780000000163,Available,1,https://library.example.com/books/163
B0164,164,Book 164,Author 14,9780000000164,Available,1,https://library.example.com/books/164
B0165,165,Book 165,Author 15,9780000000165,Available,1,https://library.example.com/books/165
B0166,166,Book 166,Author 16,9780000000166,Available,1,https://library.example.com/books/166
B0167,167,Book 167,Author 17,9780000000167,Available,1,https://library.example.com/books/167
B0168,168,Book 168,Author 18,9780000000168,Available,1,https://library.example.com/books/168
B0169,169,Book 169,Author 19,9780000000169,Available,1,https://library.example.com/books/169
B0170,170,Book 170,Author 20,9780000000170,Available,1,https://library.example.com/books/170
B0171,171,Book 171,Author 21,9780000000171,Available,1,https://library.example.com/books/171
B0172,172,Book 172,Author 22,9780000000172,Available,1,https://library.example.com/books/172
B0173,173,Book 173,Author 23,9780000000173,Available,1,https://library.example.com/books/173
B0174,174,Book 174,Author 24,9780000000174,Available,1,https://library.example.com/books/174
B0175,175,Book 175,Author 25,9780000000175,Available,1,https://library.example.com/books/175
B0176,176,Book 176,Author 26,9780000000176,Available,1,https://library.example.com/books/176
B0177,177,Book 177,Author 27,9780000000177,Available,1,https://library.example.com/books/177
B0178,178,Book 178,Author 28,9780000000178,Available,1,https://library.example.com/books/178
B0179,179,Book 179,Author 29,9780000000179,Available,1,https://library.example.com/books/179
B0180,180,Book 180,Author 30,9780000000180,Available,1,https://library.example.com/books/180
B0181,181,Book 181,Author 31,9780000000181,Available,1,https://library.example.com/books/181
B0182,182,Book 182,Author 32,9780000000182,Available,1,https://library.example.com/books/182
B0183,183,Book 183,Author 33,9780000000183,Available,1,https://library.example.com/books/183
B0184,184,Book 184,Author 34,9780000000184,Available,1,https://library.example.com/books/184
B0185,185,Book 185,Author 35,9780000000185,Available,1,https://library.example.com/books/185
B0186,186,Book 186,Author 36,9780000000186,Available,1,https://library.example.com/books/186
B0187,187,Book 187,Author 37,9780000000187,Available,1,https://library.example.com/books/187
B0188,188,Book 188,Author 38,9780000000188,Available,1,https://library.example.com/books/188
B0189,189,Book 189,Author 39,9780000000189,Available,1,https://library.example.com/books/189
B0190,190,Book 190,Author 40,9780000000190,Available,1,https://library.example.com/books/190
B0191,191,Book 191,Author 41,9780000000191,Available,1,https://library.example.com/books/191
B0192,192,Book 192,Author 42,9780000000192,Available,1,https://library.example.com/books/192
B0193,193,Book 193,Author 43,9780000000193,Available,1,https://library.example.com/books/193
B0194,194,Book 194,Author 44,9780000000194,Available,1,https://library.example.com/books/194
B0195,195,Book 195,Author 45,9780000000195,Available,1,https://library.example.com/books/195
B0196,196,Book 196,Author 46,9780000000196,Available,1,https://library.example.com/books/196
B0197,197,Book 197,Author 47,9780000000197,Available,1,https://library.example.com/books/197
B0198,198,Book 198,Author 48,9780000000198,Available,1,https://library.example.com/books/198
B0199,199,Book 199,Author 49,9780000000199,Available,1,https://library.example.com/books/199
B0200,200,Book 200,Author 50,9780000000200,Available,1,https://library.example.com/books/200
B0201,201,Book 201,Author 1,9780000000201,Available,1,https://library.example.com/books/201
B0202,202,Book 202,Author 2,9780000000202,Available,1,https://library.example.com/books/202
B0203,203,Book 203,Author 3,9780000000203,Available,1,https://library.example.com/books/203
B0204,204,Book 204,Author 4,9780000000204,Available,1,https://library.example.com/books/204
B0205,205,Book 205,Author 5,9780000000205,Available,1,https://library.example.com/books/205
B0206,206,Book 206,Author 6,9780000000206,Available,1,https://library.example.com/books/206
B0207,207,Book 207,Author 7,9780000000207,Available,1,https://library.example.com/books/207
B0208,208,Book 208,Author 8,9780000000208,Available,1,https://library.example.com/books/208
B0209,209,Book 209,Author 9,9780000000209,Available,1,https://library.example.com/books/209
B0210,210,Book 210,Author 10,9780000000210,Available,1,https://library.example.com/books/210
B0211,211,Book 211,Author 11,9780000000211,Available,1,https://library.example.com/books/211
B0212,212,Book 212,Author 12,9780000000212,Available,1,https://library.example.com/books/212
B0213,213,Book 213,Author 13,9780000000213,Available,1,https://library.example.com/books/213
B0214,214,Book 214,Author 14,9780000000214,Available,1,https://library.example.com/books/214
B0215,215,Book 215,Author 15,9780000000215,Available,1,https://library.example.com/books/215
B0216,216,Book 216,Author 16,9780000000216,Available,1,https://library.example.com/books/216
B0217,217,Book 217,Author 17,9780000000217,Available,1,https://library.example.com/books/217
B0218,218,Book 218,Author 18,9780000000218,Available,1,https://library.example.com/books/218
B0219,219,Book 219,Author 19,9780000000219,Available,1,https://library.example.com/books/219
B0220,220,Book 220,Author 20,9780000000220,Available,1,https://library.example.com/books/220
B0221,221,Book 221,Author 21,9780000000221,Available,1,https://library.example.com/books/221
B0222,222,Book 222,Author 22,9780000000222,Available,1,https://library.example.com/books/222
B0223,223,Book 223,Author 23,9780000000223,Available,1,https://library.example.com/books/223
B0224,224,Book 224,Author 24,9780000000224,Available,1,https://library.example.com/books/224
B0225,225,Book 225,Author 25,9780000000225,Available,1,https://library.example.com/books/225
B0226,226,Book 226,Author 26,9780000000226,Available,1,https://library.example.com/books/226
B0227,227,Book 227,Author 27,9780000000227,Available,1,https://library.example.com/books/227
B0228,228,Book 228,Author 28,9780000000228,Available,1,https://library.example.com/books/228
B0229,229,Book 229,Author 29,9780000000229,Available,1,https://library.example.com/books/229
B0230,230,Book 230,Author 30,9780000000230,Available,1,https://library.example.com/books/230
B0231,231,Book 231,Author 31,9780000000231,Available,1,https://library.example.com/books/231
B0232,232,Book 232,Author 32,9780000000232,Available,1,https://library.example.com/books/232
B0233,233,Book 233,Author 33,9780000000233,Available,1,https://library.example.com/books/233
B0234,234,Book 234,Author 34,9780000000234,Available,1,https://library.example.com/books/234
B0235,235,Book 235,Author 35,9780000000235,Available,1,https://library.example.com/books/235
B0236,236,Book 236,Author 36,9780000000236,Available,1,https://library.example.com/books/236
B0237,237,Book 237,Author 37,9780000000237,Available,1,https://library.example.com/books/237
B0238,238,Book 238,Author 38,9780000000238,Available,1,https://library.example.com/books/238
B0239,239,Book 239,Author 39,9780000000239,Available,1,https://library.example.com/books/239
B0240,240,Book 240,Author 40,9780000000240,Available,1,https://library.example.com/books/240
B0241,241,Book 241,Author 41,9780000000241,Available,1,https://library.example.com/books/241
B0242,242,Book 242,Author 42,9780000000242,Available,1,https://library.example.com/books/242
B0243,243,Book 243,Author 43,9780000000243,Available,1,https://library.example.com/books/243
B0244,244,Book 244,Author 44,9780000000244,Available,1,https://library.example.com/books/244
B0245,245,Book 245,Author 45,9780000000245,Available,1,https://library.example.com/books/245
B0246,246,Book 246,Author 46,9780000000246,Available,1,https://library.example.com/books/246
B0247,247,Book 247,Author 47,9780000000247,Available,1,https://library.example.com/books/247
B0248,248,Book 248,Author 48,9780000000248,Available,1,https://library.example.com/books/248
B0249,249,Book 249,Author 49,9780000000249,Available,1,https://library.example.com/books/249
B0250,250,Book 250,Author 50,9780000000250,Available,1,https://library.example.com/books/250
B0251,251,Book 251,Author 1,9780000000251,Available,1,https://library.example.com/books/251
B0252,252,Book 252,Author 2,9780000000252,Available,1,https://library.example.com/books/252
B0253,253,Book 253,Author 3,9780000000253,Available,1,https://library.example.com/books/253
B0254,254,Book 254,Author 4,9780000000254,Available,1,https://library.example.com/books/254
B0255,255,Book 255,Author 5,9780000000255,Available,1,https://library.example.com/books/255
B0256,256,Book 256,Author 6,9780000000256,Available,1,https://library.example.com/books/256
B0257,257,Book 257,Author 7,9780000000257,Available,1,https://library.example.com/books/257
B0258,258,Book 258,Author 8,9780000000258,Available,1,https://library.example.com/books/258
B0259,259,Book 259,Author 9,9780000000259,Available,1,https://library.example.com/books/259
B0260,260,Book 260,Author 10,9780000000260,Available,1,https://library.example.com/books/260
B0261,261,Book 261,Author 11,9780000000261,Available,1,https://library.example.com/books/261
B0262,262,Book 262,Author 12,9780000000262,Available,1,https://library.example.com/books/262
B0263,263,Book 263,Author 13,9780000000263,Available,1,https://library.example.com/books/263
B0264,264,Book 264,Author 14,9780000000264,Available,1,https://library.example.com/books/264
B0265,265,Book 265,Author 15,9780000000265,Available,1,https://library.example.com/books/265
B0266,266,Book 266,Author 16,9780000000266,Available,1,https://library.example.com/books/266
B0267,267,Book 267,Author 17,9780000000267,Available,1,https://library.example.com/books/267
B0268,268,Book 268,Author 18,9780000000268,Available,1,https://library.example.com/books/268
B0269,269,Book 269,Author 19,9780000000269,Available,1,https://library.example.com/books/269
B0270,270,Book 270,Author 20,9780000000270,Available,1,https://library.example.com/books/270
B0271,271,Book 271,Author 21,9780000000271,Available,1,https://library.example.com/books/271
B0272,272,Book 272,Author 22,9780000000272,Available,1,https://library.example.com/books/272
B0273,273,Book 273,Author 23,9780000000273,Available,1,https://library.example.com/books/273
B0274,274,Book 274,Author 24,9780000000274,Available,1,https://library.example.com/books/274
B0275,275,Book 275,Author 25,9780000000275,Available,1,https://library.example.com/books/275
B0276,276,Book 276,Author 26,9780000000276,Available,1,https://library.example.com/books/276
B0277,277,Book 277,Author 27,9780000000277,Available,1,https://library.example.com/books/277
B0278,278,Book 278,Author 28,9780000000278,Available,1,https://library.example.com/books/278
B0279,279,Book 279,Author 29,9780000000279,Available,1,https://library.example.com/books/279
B0280,280,Book 280,Author 30,9780000000280,Available,1,https://library.example.com/books/280
B0281,281,Book 281,Author 31,9780000000281,Available,1,https://library.example.com/books/281
B0282,282,Book 282,Author 32,9780000000282,Available,1,https://library.example.com/books/282
B0283,283,Book 283,Author 33,9780000000283,Available,1,https://library.example.com/books/283
B0284,284,Book 284,Author 34,9780000000284,Available,1,https://library.example.com/books/284
B0285,285,Book 285,Author 35,9780000000285,Available,1,https://library.example.com/books/285
B0286,286,Book 286,Author 36,9780000000286,Available,1,https://library.example.com/books/286
B0287,287,Book 287,Author 37,9780000000287,Available,1,https://library.example.com/books/287
B0288,288,Book 288,Author 38,9780000000288,Available,1,https://library.example.com/books/288
B0289,289,Book 289,Author 39,9780000000289,Available,1,https://library.example.com/books/289
B0290,290,Book 290,Author 40,9780000000290,Available,1,https://library.example.com/books/290
B0291,291,Book 291,Author 41,9780000000291,Available,1,https://library.example.com/books/291
B0292,292,Book 292,Author 42,9780000000292,Available,1,https://library.example.com/books/292
B0293,293,Book 293,Author 43,9780000000293,Available,1,https://library.example.com/books/293
B0294,294,Book 294,Author 44,9780000000294,Available,1,https://library.example.com/books/294
B0295,295,Book 295,Author 45,9780000000295,Available,1,https://library.example.com/books/295
B0296,296,Book 296,Author 46,9780000000296,Available,1,https://library.example.com/books/296
B0297,297,Book 297,Author 47,9780000000297,Available,1,https://library.example.com/books/297
B0298,298,Book 298,Author 48,9780000000298,Available,1,https://library.example.com/books/298
B0299,299,Book 299,Author 49,9780000000299,Available,1,https://library.example.com/books/299
B0300,300,Book 300,Author 50,9780000000300,Available,1,https://library.example.com/books/300
B0301,301,Book 301,Author 1,9780000000301,Available,1,https://library.example.com/books/301
B0302,302,Book 302,Author 2,9780000000302,Available,1,https://library.example.com/books/302
B0303,303,Book 303,Author 3,9780000000303,Available,1,https://library.example.com/books/303
B0304,304,Book 304,Author 4,9780000000304,Available,1,https://library.example.com/books/304
B0305,305,Book 305,Author 5,9780000000305,Available,1,https://library.example.com/books/305
B0306,306,Book 306,Author 6,9780000000306,Available,1,https://library.example.com/books/306
B0307,307,Book 307,Author 7,9780000000307,Available,1,https://library.example.com/books/307
B0308,308,Book 308,Author 8,9780000000308,Available,1,https://library.example.com/books/308
B0309,309,Book 309,Author 9,9780000000309,Available,1,https://library.example.com/books/309
B0310,310,Book 310,Author 10,9780000000310,Available,1,https://library.example.com/books/310
B0311,311,Book 311,Author 11,9780000000311,Available,1,https://library.example.com/books/311
B0312,312,Book 312,Author 12,9780000000312,Available,1,https://library.example.com/books/312
B0313,313,Book 313,Author 13,9780000000313,Available,1,https://library.example.com/books/313
B0314,314,Book 314,Author 14,9780000000314,Available,1,https://library.example.com/books/314
B0315,315,Book 315,Author 15,9780000000315,Available,1,https://library.example.com/books/315
B0316,316,Book 316,Author 16,9780000000316,Available,1,https://library.example.com/books/316
B0317,317,Book 317,Author 17,9780000000317,Available,1,https://library.example.com/books/317
B0318,318,Book 318,Author 18,9780000000318,Available,1,https://library.example.com/books/318
B0319,319,Book 319,Author 19,9780000000319,Available,1,https://library.example.com/books/319
B0320,320,Book 320,Author 20,9780000000320,Available,1,https://library.example.com/books/320
B0321,321,Book 321,Author 21,9780000000321,Available,1,https://library.example.com/books/321
B0322,322,Book 322,Author 22,9780000000322,Available,1,https://library.example.com/books/322
B0323,323,Book 323,Author 23,9780000000323,Available,1,https://library.example.com/books/323
B0324,324,Book 324,Author 24,9780000000324,Available,1,https://library.example.com/books/324
B0325,325,Book 325,Author 25,9780000000325,Available,1,https://library.example.com/books/325
B0326,326,Book 326,Author 26,9780000000326,Available,1,https://library.example.com/books/326
B0327,327,Book 327,Author 27,9780000000327,Available,1,https://library.example.com/books/327
B0328,328,Book 328,Author 28,9780000000328,Available,1,https://library.example.com/books/328
B0329,329,Book 329,Author 29,9780000000329,Available,1,https://library.example.com/books/329
B0330,330,Book 330,Author 30,9780000000330,Available,1,https://library.example.com/books/330
B0331,331,Book 331,Author 31,9780000000331,Available,1,https://library.example.com/books/331
B0332,332,Book 332,Author 32,9780000000332,Available,1,https://library.example.com/books/332
B0333,333,Book 333,Author 33,9780000000333,Available,1,https://library.example.com/books/333
B0334,334,Book 334,Author 34,9780000000334,Available,1,https://library.example.com/books/334
B0335,335,Book 335,Author 35,9780000000335,Available,1,https://library.example.com/books/335
B0336,336,Book 336,Author 36,9780000000336,Available,1,https://library.example.com/books/336
B0337,337,Book 337,Author 37,9780000000337,Available,1,https://library.example.com/books/337
B0338,338,Book 338,Author 38,9780000000338,Available,1,https://library.example.com/books/338
B0339,339,Book 339,Author 39,9780000000339,Available,1,https://library.example.com/books/339
B0340,340,Book 340,Author 40,9780000000340,Available,1,https://library.example.com/books/340
B0341,341,Book 341,Author 41,9780000000341,Available,1,https://library.example.com/books/341
B0342,342,Book 342,Author 42,9780000000342,Available,1,https://library.example.com/books/342
B0343,343,Book 343,Author 43,9780000000343,Available,1,https://library.example.com/books/343
B0344,344,Book 344,Author 44,9780000000344,Available,1,https://library.example.com/books/344
B0345,345,Book 345,Author 45,9780000000345,Available,1,https://library.example.com/books/345
B0346,346,Book 346,Author 46,9780000000346,Available,1,https://library.example.com/books/346
B0347,347,Book 347,Author 47,9780000000347,Available,1,https://library.example.com/books/347
B0348,348,Book 348,Author 48,9780000000348,Available,1,https://library.example.com/books/348
B0349,349,Book 349,Author 49,9780000000349,Available,1,https://library.example.com/books/349
B0350,350,Book 350,Author 50,9780000000350,Available,1,https://library.example.com/books/350
B0351,351,Book 351,Author 1,9780000000351,Available,1,https://library.example.com/books/351
B0352,352,Book 352,Author 2,9780000000352,Available,1,https://library.example.com/books/352
B0353,353,Book 353,Author 3,9780000000353,Available,1,https://library.example.com/books/353
B0354,354,Book 354,Author 4,9780000000354,Available,1,https://library.example.com/books/354
B0355,355,Book 355,Author 5,9780000000355,Available,1,https://library.example.com/books/355
B0356,356,Book 356,Author 6,9780000000356,Available,1,https://library.example.com/books/356
B0357,357,Book 357,Author 7,9780000000357,Available,1,https://library.example.com/books/357
B0358,358,Book 358,Author 8,9780000000358,Available,1,https://library.example.com/books/358
B0359,359,Book 359,Author 9,9780000000359,Available,1,https://library.example.com/books/359
B0360,360,Book 360,Author 10,9780000000360,Available,1,https://library.example.com/books/360
B0361,361,Book 361,Author 11,9780000000361,Available,1,https://library.example.com/books/361
B0362,362,Book 362,Author 12,9780000000362,Available,1,https://library.example.com/books/362
B0363,363,Book 363,Author 13,9780000000363,Available,1,https://library.example.com/books/363
B0364,364,Book 364,Author 14,9780000000364,Available,1,https://library.example.com/books/364
B0365,365,Book 365,Author 15,9780000000365,Available,1,https://library.example.com/books/365
B0366,366,Book 366,Author 16,9780000000366,Available,1,https://library.example.com/books/366
B0367,367,Book 367,Author 17,9780000000367,Available,1,https://library.example.com/books/367
B0368,368,Book 368,Author 18,9780000000368,Available,1,https://library.example.com/books/368
B0369,369,Book 369,Author 19,9780000000369,Available,1,https://library.example.com/books/369
B0370,370,Book 370,Author 20,9780000000370,Available,1,https://library.example.com/books/370
B0371,371,Book 371,Author 21,9780000000371,Available,1,https://library.example.com/books/371
B0372,372,Book 372,Author 22,9780000000372,Available,1,https://library.example.com/books/372
B0373,373,Book 373,Author 23,9780000000373,Available,1,https://library.example.com/books/373
B0374,374,Book 374,Author 24,9780000000374,Available,1,https://library.example.com/books/374
B0375,375,Book 375,Author 25,9780000000375,Available,1,https://library.example.com/books/375
B0376,376,Book 376,Author 26,9780000000376,Available,1,https://library.example.com/books/376
B0377,377,Book 377,Author 27,9780000000377,Available,1,https://library.example.com/books/377
B0378,378,Book 378,Author 28,9780000000378,Available,1,https://library.example.com/books/378
B0379,379,Book 379,Author 29,9780000000379,Available,1,https://library.example.com/books/379
B0380,380,Book 380,Author 30,9780000000380,Available,1,https://library.example.com/books/380
B0381,381,Book 381,Author 31,9780000000381,Available,1,https://library.example.com/books/381
B0382,382,Book 382,Author 32,9780000000382,Available,1,https://library.example.com/books/382
B0383,383,Book 383,Author 33,9780000000383,Available,1,https://library.example.com/books/383
B0384,384,Book 384,Author 34,9780000000384,Available,1,https://library.example.com/books/384
B0385,385,Book 385,Author 35,9780000000385,Available,1,https://library.example.com/books/385
B0386,386,Book 386,Author 36,9780000000386,Available,1,https://library.example.com/books/386
B0387,387,Book 387,Author 37,9780000000387,Available,1,https://library.example.com/books/387
B0388,388,Book 388,Author 38,9780000000388,Available,1,https://library.example.com/books/388
B0389,389,Book 389,Author 39,9780000000389,Available,1,https://library.example.com/books/389
B0390,390,Book 390,Author 40,9780000000390,Available,1,https://library.example.com/books/390
B0391,391,Book 391,Author 41,9780000000391,Available,1,https://library.example.com/books/391
B0392,392,Book 392,Author 42,9780000000392,Available,1,https://library.example.com/books/392
B0393,393,Book 393,Author 43,9780000000393,Available,1,https://library.example.com/books/393
B0394,394,Book 394,Author 44,9780000000394,Available,1,https://library.example.com/books/394
B0395,395,Book 395,Author 45,9780000000395,Available,1,https://library.example.com/books/395
B0396,396,Book 396,Author 46,9780000000396,Available,1,https://library.example.com/books/396
B0397,397,Book 397,Author 47,9780000000397,Available,1,https://library.example.com/books/397
B0398,398,Book 398,Author 48,9780000000398,Available,1,https://library.example.com/books/398
B0399,399,Book 399,Author 49,9780000000399,Available,1,https://library.example.com/books/399
B0400,400,Book 400,Author 50,9780000000400,Available,1,https://library.example.com/books/400
B0401,401,Book 401,Author 1,9780000000401,Available,1,https://library.example.com/books/401
B0402,402,Book 402,Author 2,9780000000402,Available,1,https://library.example.com/books/402
B0403,403,Book 403,Author 3,9780000000403,Available,1,https://library.example.com/books/403
B0404,404,Book 404,Author 4,9780000000404,Available,1,https://library.example.com/books/404
B0405,405,Book 405,Author 5,9780000000405,Available,1,https://library.example.com/books/405
B0406,406,Book 406,Author 6,9780000000406,Available,1,https://library.example.com/books/406
B0407,407,Book 407,Author 7,9780000000407,Available,1,https://library.example.com/books/407
B0408,408,Book 408,Author 8,9780000000408,Available,1,https://library.example.com/books/408
B0409,409,Book 409,Author 9,9780000000409,Available,1,https://library.example.com/books/409
B0410,410,Book 410,Author 10,9780000000410,Available,1,https://library.example.com/books/410
B0411,411,Book 411,Author 11,9780000000411,Available,1,https://library.example.com/books/411
B0412,412,Book 412,Author 12,9780000000412,Available,1,https://library.example.com/books/412
B0413,413,Book 413,Author 13,9780000000413,Available,1,https://library.example.com/books/413
B0414,414,Book 414,Author 14,9780000000414,Available,1,https://library.example.com/books/414
B0415,415,Book 415,Author 15,9780000000415,Available,1,https://library.example.com/books/415
B0416,416,Book 416,Author 16,9780000000416,Available,1,https://library.example.com/books/416
B0417,417,Book 417,Author 17,9780000000417,Available,1,https://library.example.com/books/417
B0418,418,Book 418,Author 18,9780000000418,Available,1,https://library.example.com/books/418
B0419,419,Book 419,Author 19,9780000000419,Available,1,https://library.example.com/books/419
B0420,420,Book 420,Author 20,9780000000420,Available,1,https://library.example.com/books/420
B0421,421,Book 421,Author 21,9780000000421,Available,1,https://library.example.com/books/421
B0422,422,Book 422,Author 22,9780000000422,Available,1,https://library.example.com/books/422
B0423,423,Book 423,Author 23,9780000000423,Available,1,https://library.example.com/books/423
B0424,424,Book 424,Author 24,9780000000424,Available,1,https://library.example.com/books/424
B0425,425,Book 425,Author 25,9780000000425,Available,1,https://library.example.com/books/425
B0426,426,Book 426,Author 26,9780000000426,Available,1,https://library.example.com/books/426
B0427,427,Book 427,Author 27,9780000000427,Available,1,https://library.example.com/books/427
B0428,428,Book 428,Author 28,9780000000428,Available,1,https://library.example.com/books/428
B0429,429,Book 429,Author 29,9780000000429,Available,1,https://library.example.com/books/429
B0430,430,Book 430,Author 30,9780000000430,Available,1,https://library.example.com/books/430
B0431,431,Book 431,Author 31,9780000000431,Available,1,https://library.example.com/books/431
B0432,432,Book 432,Author 32,9780000000432,Available,1,https://library.example.com/books/432
B0433,433,Book 433,Author 33,9780000000433,Available,1,https://library.example.com/books/433
B0434,434,Book 434,Author 34,9780000000434,Available,1,https://library.example.com/books/434
B0435,435,Book 435,Author 35,9780000000435,Available,1,https://library.example.com/books/435
B0436,436,Book 436,Author 36,9780000000436,Available,1,https://library.example.com/books/436
B0437,437,Book 437,Author 37,9780000000437,Available,1,https://library.example.com/books/437
B0438,438,Book 438,Author 38,9780000000438,Available,1,https://library.example.com/books/438
B0439,439,Book 439,Author 39,9780000000439,Available,1,https://library.example.com/books/439
B0440,440,Book 440,Author 40,9780000000440,Available,1,https://library.example.com/books/440
B0441,441,Book 441,Author 41,9780000000441,Available,1,https://library.example.com/books/441
B0442,442,Book 442,Author 42,9780000000442,Available,1,https://library.example.com/books/442
B0443,443,Book 443,Author 43,9780000000443,Available,1,https://library.example.com/books/443
B0444,444,Book 444,Author 44,9780000000444,Available,1,https://library.example.com/books/444
B0445,445,Book 445,Author 45,9780000000445,Available,1,https://library.example.com/books/445
B0446,446,Book 446,Author 46,9780000000446,Available,1,https://library.example.com/books/446
B0447,447,Book 447,Author 47,9780000000447,Available,1,https://library.example.com/books/447
B0448,448,Book 448,Author 48,9780000000448,Available,1,https://library.example.com/books/448
B0449,449,Book 449,Author 49,9780000000449,Available,1,https://library.example.com/books/449
B0450,450,Book 450,Author 50,9780000000450,Available,1,https://library.example.com/books/450
B0451,451,Book 451,Author 1,9780000000451,Available,1,https://library.example.com/books/451
B0452,452,Book 452,Author 2,9780000000452,Available,1,https://library.example.com/books/452
B0453,453,Book 453,Author 3,9780000000453,Available,1,https://library.example.com/books/453
B0454,454,Book 454,Author 4,9780000000454,Available,1,https://library.example.com/books/454
B0455,455,Book 455,Author 5,9780000000455,Available,1,https://library.example.com/books/455
B0456,456,Book 456,Author 6,9780000000456,Available,1,https://library.example.com/books/456
B0457,457,Book 457,Author 7,9780000000457,Available,1,https://library.example.com/books/457
B0458,458,Book 458,Author 8,9780000000458,Available,1,https://library.example.com/books/458
B0459,459,Book 459,Author 9,9780000000459,Available,1,https://library.example.com/books/459
B0460,460,Book 460,Author 10,9780000000460,Available,1,https://library.example.com/books/460
B0461,461,Book 461,Author 11,9780000000461,Available,1,https://library.example.com/books/461
B0462,462,Book 462,Author 12,9780000000462,Available,1,https://library.example.com/books/462
B0463,463,Book 463,Author 13,9780000000463,Available,1,https://library.example.com/books/463
B0464,464,Book 464,Author 14,9780000000464,Available,1,https://library.example.com/books/464
B0465,465,Book 465,Author 15,9780000000465,Available,1,https://library.example.com/books/465
B0466,466,Book 466,Author 16,9780000000466,Available,1,https://library.example.com/books/466
B0467,467,Book 467,Author 17,9780000000467,Available,1,https://library.example.com/books/467
B0468,468,Book 468,Author 18,9780000000468,Available,1,https://library.example.com/books/468
B0469,469,Book 469,Author 19,9780000000469,Available,1,https://library.example.com/books/469
B0470,470,Book 470,Author 20,9780000000470,Available,1,https://library.example.com/books/470
B0471,471,Book 471,Author 21,9780000000471,Available,1,https://library.example.com/books/471
B0472,472,Book 472,Author 22,9780000000472,Available,1,https://library.example.com/books/472
B0473,473,Book 473,Author 23,9780000000473,Available,1,https://library.example.com/books/473
B0474,474,Book 474,Author 24,9780000000474,Available,1,https://library.example.com/books/474
B0475,475,Book 475,Author 25,9780000000475,Available,1,https://library.example.com/books/475
B0476,476,Book 476,Author 26,9780000000476,Available,1,https://library.example.com/books/476
B0477,477,Book 477,Author 27,9780000000477,Available,1,https://library.example.com/books/477
B0478,478,Book 478,Author 28,9780000000478,Available,1,https://library.example.com/books/478
B0479,479,Book 479,Author 29,9780000000479,Available,1,https://library.example.com/books/479
B0480,480,Book 480,Author 30,9780000000480,Available,1,https://library.example.com/books/480
B0481,481,Book 481,Author 31,9780000000481,Available,1,https://library.example.com/books/481
B0482,482,Book 482,Author 32,9780000000482,Available,1,https://library.example.com/books/482
B0483,483,Book 483,Author 33,9780000000483,Available,1,https://library.example.com/books/483
B0484,484,Book 484,Author 34,9780000000484,Available,1,https://library.example.com/books/484
B0485,485,Book 485,Author 35,9780000000485,Available,1,https://library.example.com/books/485
B0486,486,Book 486,Author 36,9780000000486,Available,1,https://library.example.com/books/486
B0487,487,Book 487,Author 37,9780000000487,Available,1,https://library.example.com/books/487
B0488,488,Book 488,Author 38,9780000000488,Available,1,https://library.example.com/books/488
B0489,489,Book 489,Author 39,9780000000489,Available,1,https://library.example.com/books/489
B0490,490,Book 490,Author 40,9780000000490,Available,1,https://library.example.com/books/490
B0491,491,Book 491,Author 41,9780000000491,Available,1,https://library.example.com/books/491
B0492,492,Book 492,Author 42,9780000000492,Available,1,https://library.example.com/books/492
B0493,493,Book 493,Author 43,9780000000493,Available,1,https://library.example.com/books/493
B0494,494,Book 494,Author 44,9780000000494,Available,1,https://library.example.com/books/494
B0495,495,Book 495,Author 45,9780000000495,Available,1,https://library.example.com/books/495
B0496,496,Book 496,Author 46,9780000000496,Available,1,https://library.example.com/books/496
B0497,497,Book 497,Author 47,9780000000497,Available,1,https://library.example.com/books/497
B0498,498,Book 498,Author 48,9780000000498,Available,1,https://library.example.com/books/498
B0499,499,Book 499,Author 49,9780000000499,Available,1,https://library.example.com/books/499
B0500,500,Book 500,Author 50,9780000000500,Available,1,https://library.example.com/books/500
B0501,501,Book 501,Author 1,9780000000501,Available,1,https://library.example.com/books/501
B0502,502,Book 502,Author 2,9780000000502,Available,1,https://library.example.com/books/502
B0503,503,Book 503,Author 3,9780000000503,Available,1,https://library.example.com/books/503
B0504,504,Book 504,Author 4,9780000000504,Available,1,https://library.example.com/books/504
B0505,505,Book 505,Author 5,9780000000505,Available,1,https://library.example.com/books/505
B0506,506,Book 506,Author 6,9780000000506,Available,1,https://library.example.com/books/506
B0507,507,Book 507,Author 7,9780000000507,Available,1,https://library.example.com/books/507
B0508,508,Book 508,Author 8,9780000000508,Available,1,https://library.example.com/books/508
B0509,509,Book 509,Author 9,9780000000509,Available,1,https://library.example.com/books/509
B0510,510,Book 510,Author 10,9780000000510,Available,1,https://library.example.com/books/510
B0511,511,Book 511,Author 11,9780000000511,Available,1,https://library.example.com/books/511
B0512,512,Book 512,Author 12,9780000000512,Available,1,https://library.example.com/books/512
B0513,513,Book 513,Author 13,9780000000513,Available,1,https://library.example.com/books/513
B0514,514,Book 514,Author 14,9780000000514,Available,1,https://library.example.com/books/514
B0515,515,Book 515,Author 15,9780000000515,Available,1,https://library.example.com/books/515
B0516,516,Book 516,Author 16,9780000000516,Available,1,https://library.example.com/books/516
B0517,517,Book 517,Author 17,9780000000517,Available,1,https://library.example.com/books/517
B0518,518,Book 518,Author 18,9780000000518,Available,1,https://library.example.com/books/518
B0519,519,Book 519,Author 19,9780000000519,Available,1,https://library.example.com/books/519
B0520,520,Book 520,Author 20,9780000000520,Available,1,https://library.example.com/books/520
B0521,521,Book 521,Author 21,9780000000521,Available,1,https://library.example.com/books/521
B0522,522,Book 522,Author 22,9780000000522,Available,1,https://library.example.com/books/522
B0523,523,Book 523,Author 23,9780000000523,Available,1,https://library.example.com/books/523
B0524,524,Book 524,Author 24,9780000000524,Available,1,https://library.example.com/books/524
B0525,525,Book 525,Author 25,9780000000525,Available,1,https://library.example.com/books/525
B0526,526,Book 526,Author 26,9780000000526,Available,1,https://library.example.com/books/526
B0527,527,Book 527,Author 27,9780000000527,Available,1,https://library.example.com/books/527
B0528,528,Book 528,Author 28,9780000000528,Available,1,https://library.example.com/books/528
B0529,529,Book 529,Author 29,9780000000529,Available,1,https://library.example.com/books/529
B0530,530,Book 530,Author 30,9780000000530,Available,1,https://library.example.com/books/530
B0531,531,Book 531,Author 31,9780000000531,Available,1,https://library.example.com/books/531
B0532,532,Book 532,Author 32,9780000000532,Available,1,https://library.example.com/books/532
B0533,533,Book 533,Author 33,9780000000533,Available,1,https://library.example.com/books/533
B0534,534,Book 534,Author 34,9780000000534,Available,1,https://library.example.com/books/534
B0535,535,Book 535,Author 35,9780000000535,Available,1,https://library.example.com/books/535
B0536,536,Book 536,Author 36,9780000000536,Available,1,https://library.example.com/books/536
B0537,537,Book 537,Author 37,9780000000537,Available,1,https://library.example.com/books/537
B0538,538,Book 538,Author 38,9780000000538,Available,1,https://library.example.com/books/538
B0539,539,Book 539,Author 39,9780000000539,Available,1,https://library.example.com/books/539
B0540,540,Book 540,Author 40,9780000000540,Available,1,https://library.example.com/books/540
B0541,541,Book 541,Author 41,9780000000541,Available,1,https://library.example.com/books/541
B0542,542,Book 542,Author 42,9780000000542,Available,1,https://library.example.com/books/542
B0543,543,Book 543,Author 43,9780000000543,Available,1,https://library.example.com/books/543
B0544,544,Book 544,Author 44,9780000000544,Available,1,https://library.example.com/books/544
B0545,545,Book 545,Author 45,9780000000545,Available,1,https://library.example.com/books/545
B0546,546,Book 546,Author 46,9780000000546,Available,1,https://library.example.com/books/546
B0547,547,Book 547,Author 47,9780000000547,Available,1,https://library.example.com/books/547
B0548,548,Book 548,Author 48,9780000000548,Available,1,https://library.example.com/books/548
B0549,549,Book 549,Author 49,9780000000549,Available,1,https://library.example.com/books/549
B0550,550,Book 550,Author 50,9780000000550,Available,1,https://library.example.com/books/550
B0551,551,Book 551,Author 1,9780000000551,Available,1,https://library.example.com/books/551
B0552,552,Book 552,Author 2,9780000000552,Available,1,https://library.example.com/books/552
B0553,553,Book 553,Author 3,9780000000553,Available,1,https://library.example.com/books/553
B0554,554,Book 554,Author 4,9780000000554,Available,1,https://library.example.com/books/554
B0555,555,Book 555,Author 5,9780000000555,Available,1,https://library.example.com/books/555
B0556,556,Book 556,Author 6,9780000000556,Available,1,https://library.example.com/books/556
B0557,557,Book 557,Author 7,9780000000557,Available,1,https://library.example.com/books/557
B0558,558,Book 558,Author 8,9780000000558,Available,1,https://library.example.com/books/558
B0559,559,Book 559,Author 9,9780000000559,Available,1,https://library.example.com/books/559
B0560,560,Book 560,Author 10,9780000000560,Available,1,https://library.example.com/books/560
B0561,561,Book 561,Author 11,9780000000561,Available,1,https://library.example.com/books/561
B0562,562,Book 562,Author 12,9780000000562,Available,1,https://library.example.com/books/562
B0563,563,Book 563,Author 13,9780000000563,Available,1,https://library.example.com/books/563
B0564,564,Book 564,Author 14,9780000000564,Available,1,https://library.example.com/books/564
B0565,565,Book 565,Author 15,9780000000565,Available,1,https://library.example.com/books/565
B0566,566,Book 566,Author 16,9780000000566,Available,1,https://library.example.com/books/566
B0567,567,Book 567,Author 17,9780000000567,Available,1,https://library.example.com/books/567
B0568,568,Book 568,Author 18,9780000000568,Available,1,https://library.example.com/books/568
B0569,569,Book 569,Author 19,9780000000569,Available,1,https://library.example.com/books/569
B0570,570,Book 570,Author 20,9780000000570,Available,1,https://library.example.com/books/570
B0571,571,Book 571,Author 21,9780000000571,Available,1,https://library.example.com/books/571
B0572,572,Book 572,Author 22,9780000000572,Available,1,https://library.example.com/books/572
B0573,573,Book 573,Author 23,9780000000573,Available,1,https://library.example.com/books/573
B0574,574,Book 574,Author 24,9780000000574,Available,1,https://library.example.com/books/574
B0575,575,Book 575,Author 25,9780000000575,Available,1,https://library.example.com/books/575
B0576,576,Book 576,Author 26,9780000000576,Available,1,https://library.example.com/books/576
B0577,577,Book 577,Author 27,9780000000577,Available,1,https://library.example.com/books/577
B0578,578,Book 578,Author 28,9780000000578,Available,1,https://library.example.com/books/578
B0579,579,Book 579,Author 29,9780000000579,Available,1,https://library.example.com/books/579
B0580,580,Book 580,Author 30,9780000000580,Available,1,https://library.example.com/books/580
B0581,581,Book 581,Author 31,9780000000581,Available,1,https://library.example.com/books/581
B0582,582,Book 582,Author 32,9780000000582,Available,1,https://library.example.com/books/582
B0583,583,Book 583,Author 33,9780000000583,Available,1,https://library.example.com/books/583
B0584,584,Book 584,Author 34,9780000000584,Available,1,https://library.example.com/books/584
B0585,585,Book 585,Author 35,9780000000585,Available,1,https://library.example.com/books/585
B0586,586,Book 586,Author 36,9780000000586,Available,1,https://library.example.com/books/586
B0587,587,Book 587,Author 37,9780000000587,Available,1,https://library.example.com/books/587
B0588,588,Book 588,Author 38,9780000000588,Available,1,https://library.example.com/books/588
B0589,589,Book 589,Author 39,9780000000589,Available,1,https://library.example.com/books/589
B0590,590,Book 590,Author 40,9780000000590,Available,1,https://library.example.com/books/590
B0591,591,Book 591,Author 41,9780000000591,Available,1,https://library.example.com/books/591
B0592,592,Book 592,Author 42,9780000000592,Available,1,https://library.example.com/books/592
B0593,593,Book 593,Author 43,9780000000593,Available,1,https://library.example.com/books/593
B0594,594,Book 594,Author 44,9780000000594,Available,1,https://library.example.com/books/594
B0595,595,Book 595,Author 45,9780000000595,Available,1,https://library.example.com/books/595
B0596,596,Book 596,Author 46,9780000000596,Available,1,https://library.example.com/books/596
B0597,597,Book 597,Author 47,9780000000597,Available,1,https://library.example.com/books/597
B0598,598,Book 598,Author 48,9780000000598,Available,1,https://library.example.com/books/598
B0599,599,Book 599,Author 49,9780000000599,Available,1,https://library.example.com/books/599
B0600,600,Book 600,Author 50,9780000000600,Available,1,https://library.example.com/books/600
B0601,601,Book 601,Author 1,9780000000601,Available,1,https://library.example.com/books/601
B0602,602,Book 602,Author 2,9780000000602,Available,1,https://library.example.com/books/602
B0603,603,Book 603,Author 3,9780000000603,Available,1,https://library.example.com/books/603
B0604,604,Book 604,Author 4,9780000000604,Available,1,https://library.example.com/books/604
B0605,605,Book 605,Author 5,9780000000605,Available,1,https://library.example.com/books/605
B0606,606,Book 606,Author 6,9780000000606,Available,1,https://library.example.com/books/606
B0607,607,Book 607,Author 7,9780000000607,Available,1,https://library.example.com/books/607
B0608,608,Book 608,Author 8,9780000000608,Available,1,https://library.example.com/books/608
B0609,609,Book 609,Author 9,9780000000609,Available,1,https://library.example.com/books/609
B0610,610,Book 610,Author 10,9780000000610,Available,1,https://library.example.com/books/610
B0611,611,Book 611,Author 11,9780000000611,Available,1,https://library.example.com/books/611
B0612,612,Book 612,Author 12,9780000000612,Available,1,https://library.example.com/books/612
B0613,613,Book 613,Author 13,9780000000613,Available,1,https://library.example.com/books/613
B0614,614,Book 614,Author 14,9780000000614,Available,1,https://library.example.com/books/614
B0615,615,Book 615,Author 15,9780000000615,Available,1,https://library.example.com/books/615
B0616,616,Book 616,Author 16,9780000000616,Available,1,https://library.example.com/books/616
B0617,617,Book 617,Author 17,9780000000617,Available,1,https://library.example.com/books/617
B0618,618,Book 618,Author 18,9780000000618,Available,1,https://library.example.com/books/618
B0619,619,Book 619,Author 19,9780000000619,Available,1,https://library.example.com/books/619
B0620,620,Book 620,Author 20,9780000000620,Available,1,https://library.example.com/books/620
B0621,621,Book 621,Author 21,9780000000621,Available,1,https://library.example.com/books/621
B0622,622,Book 622,Author 22,9780000000622,Available,1,https://library.example.com/books/622
B0623,623,Book 623,Author 23,9780000000623,Available,1,https://library.example.com/books/623
B0624,624,Book 624,Author 24,9780000000624,Available,1,https://library.example.com/books/624
B0625,625,Book 625,Author 25,9780000000625,Available,1,https://library.example.com/books/625
B0626,626,Book 626,Author 26,9780000000626,Available,1,https://library.example.com/books/626
B0627,627,Book 627,Author 27,9780000000627,Available,1,https://library.example.com/books/627
B0628,628,Book 628,Author 28,9780000000628,Available,1,https://library.example.com/books/628
B0629,629,Book 629,Author 29,9780000000629,Available,1,https://library.example.com/books/629
B0630,630,Book 630,Author 30,9780000000630,Available,1,https://library.example.com/books/630
B0631,631,Book 631,Author 31,9780000000631,Available,1,https://library.example.com/books/631
B0632,632,Book 632,Author 32,9780000000632,Available,1,https://library.example.com/books/632
B0633,633,Book 633,Author 33,9780000000633,Available,1,https://library.example.com/books/633
B0634,634,Book 634,Author 34,9780000000634,Available,1,https://library.example.com/books/634
B0635,635,Book 635,Author 35,9780000000635,Available,1,https://library.example.com/books/635
B0636,636,Book 636,Author 36,9780000000636,Available,1,https://library.example.com/books/636
B0637,637,Book 637,Author 37,9780000000637,Available,1,https://library.example.com/books/637
B0638,638,Book 638,Author 38,9780000000638,Available,1,https://library.example.com/books/638
B0639,639,Book 639,Author 39,9780000000639,Available,1,https://library.example.com/books/639
B0640,640,Book 640,Author 40,9780000000640,Available,1,https://library.example.com/books/640
B0641,641,Book 641,Author 41,9780000000641,Available,1,https://library.example.com/books/641
B0642,642,Book 642,Author 42,9780000000642,Available,1,https://library.example.com/books/642
B0643,643,Book 643,Author 43,9780000000643,Available,1,https://library.example.com/books/643
B0644,644,Book 644,Author 44,9780000000644,Available,1,https://library.example.com/books/644
B0645,645,Book 645,Author 45,9780000000645,Available,1,https://library.example.com/books/645
B0646,646,Book 646,Author 46,9780000000646,Available,1,https://library.example.com/books/646
B0647,647,Book 647,Author 47,9780000000647,Available,1,https://library.example.com/books/647
B0648,648,Book 648,Author 48,9780000000648,Available,1,https://library.example.com/books/648
B0649,649,Book 649,Author 49,9780000000649,Available,1,https://library.example.com/books/649
B0650,650,Book 650,Author 50,9780000000650,Available,1,https://library.example.com/books/650
B0651,651,Book 651,Author 1,9780000000651,Available,1,https://library.example.com/books/651
B0652,652,Book 652,Author 2,9780000000652,Available,1,https://library.example.com/books/652
B0653,653,Book 653,Author 3,9780000000653,Available,1,https://library.example.com/books/653
B0654,654,Book 654,Author 4,9780000000654,Available,1,https://library.example.com/books/654
B0655,655,Book 655,Author 5,9780000000655,Available,1,https://library.example.com/books/655
B0656,656,Book 656,Author 6,9780000000656,Available,1,https://library.example.com/books/656
B0657,657,Book 657,Author 7,9780000000657,Available,1,https://library.example.com/books/657
B0658,658,Book 658,Author 8,9780000000658,Available,1,https://library.example.com/books/658
B0659,659,Book 659,Author 9,9780000000659,Available,1,https://library.example.com/books/659
B0660,660,Book 660,Author 10,9780000000660,Available,1,https://library.example.com/books/660
B0661,661,Book 661,Author 11,9780000000661,Available,1,https://library.example.com/books/661
B0662,662,Book 662,Author 12,9780000000662,Available,1,https://library.example.com/books/662
B0663,663,Book 663,Author 13,9780000000663,Available,1,https://library.example.com/books/663
B0664,664,Book 664,Author 14,9780000000664,Available,1,https://library.example.com/books/664
B0665,665,Book 665,Author 15,9780000000665,Available,1,https://library.example.com/books/665
B0666,666,Book 666,Author 16,9780000000666,Available,1,https://library.example.com/books/666
B0667,667,Book 667,Author 17,9780000000667,Available,1,https://library.example.com/books/667
B0668,668,Book 668,Author 18,9780000000668,Available,1,https://library.example.com/books/668
B0669,669,Book 669,Author 19,9780000000669,Available,1,https://library.example.com/books/669
B0670,670,Book 670,Author 20,9780000000670,Available,1,https://library.example.com/books/670
B0671,671,Book 671,Author 21,9780000000671,Available,1,https://library.example.com/books/671
B0672,672,Book 672,Author 22,9780000000672,Available,1,https://library.example.com/books/672
B0673,673,Book 673,Author 23,9780000000673,Available,1,https://library.example.com/books/673
B0674,674,Book 674,Author 24,9780000000674,Available,1,https://library.example.com/books/674
B0675,675,Book 675,Author 25,9780000000675,Available,1,https://library.example.com/books/675
B0676,676,Book 676,Author 26,9780000000676,Available,1,https://library.example.com/books/676
B0677,677,Book 677,Author 27,9780000000677,Available,1,https://library.example.com/books/677
B0678,678,Book 678,Author 28,9780000000678,Available,1,https://library.example.com/books/678
B0679,679,Book 679,Author 29,9780000000679,Available,1,https://library.example.com/books/679
B0680,680,Book 680,Author 30,9780000000680,Available,1,https://library.example.com/books/680
B0681,681,Book 681,Author 31,9780000000681,Available,1,https://library.example.com/books/681
B0682,682,Book 682,Author 32,9780000000682,Available,1,https://library.example.com/books/682
B0683,683,Book 683,Author 33,9780000000683,Available,1,https://library.example.com/books/683
B0684,684,Book 684,Author 34,9780000000684,Available,1,https://library.example.com/books/684
B0685,685,Book 685,Author 35,9780000000685,Available,1,https://library.example.com/books/685
B0686,686,Book 686,Author 36,9780000000686,Available,1,https://library.example.com/books/686
B0687,687,Book 687,Author 37,9780000000687,Available,1,https://library.example.com/books/687
B0688,688,Book 688,Author 38,9780000000688,Available,1,https://library.example.com/books/688
B0689,689,Book 689,Author 39,9780000000689,Available,1,https://library.example.com/books/689
B0690,690,Book 690,Author 40,9780000000690,Available,1,https://library.example.com/books/690
B0691,691,Book 691,Author 41,9780000000691,Available,1,https://library.example.com/books/691
B0692,692,Book 692,Author 42,9780000000692,Available,1,https://library.example.com/books/692
B0693,693,Book 693,Author 43,9780000000693,Available,1,https://library.example.com/books/693
B0694,694,Book 694,Author 44,9780000000694,Available,1,https://library.example.com/books/694
B0695,695,Book 695,Author 45,9780000000695,Available,1,https://library.example.com/books/695
B0696,696,Book 696,Author 46,9780000000696,Available,1,https://library.example.com/books/696
B0697,697,Book 697,Author 47,9780000000697,Available,1,https://library.example.com/books/697
B0698,698,Book 698,Author 48,9780000000698,Available,1,https://library.example.com/books/698
B0699,699,Book 699,Author 49,9780000000699,Available,1,https://library.example.com/books/699
B0700,700,Book 700,Author 50,9780000000700,Available,1,https://library.example.com/books/700
B0701,701,Book 701,Author 1,9780000000701,Available,1,https://library.example.com/books/701
B0702,702,Book 702,Author 2,9780000000702,Available,1,https://library.example.com/books/702
B0703,703,Book 703,Author 3,9780000000703,Available,1,https://library.example.com/books/703
B0704,704,Book 704,Author 4,9780000000704,Available,1,https://library.example.com/books/704
B0705,705,Book 705,Author 5,9780000000705,Available,1,https://library.example.com/books/705
B0706,706,Book 706,Author 6,9780000000706,Available,1,https://library.example.com/books/706
B0707,707,Book 707,Author 7,9780000000707,Available,1,https://library.example.com/books/707
B0708,708,Book 708,Author 8,9780000000708,Available,1,https://library.example.com/books/708
B0709,709,Book 709,Author 9,9780000000709,Available,1,https://library.example.com/books/709
B0710,710,Book 710,Author 10,9780000000710,Available,1,https://library.example.com/books/710
B0711,711,Book 711,Author 11,9780000000711,Available,1,https://library.example.com/books/711
B0712,712,Book 712,Author 12,9780000000712,Available,1,https://library.example.com/books/712
B0713,713,Book 713,Author 13,9780000000713,Available,1,https://library.example.com/books/713
B0714,714,Book 714,Author 14,9780000000714,Available,1,https://library.example.com/books/714
B0715,715,Book 715,Author 15,9780000000715,Available,1,https://library.example.com/books/715
B0716,716,Book 716,Author 16,9780000000716,Available,1,https://library.example.com/books/716
B0717,717,Book 717,Author 17,9780000000717,Available,1,https://library.example.com/books/717
B0718,718,Book 718,Author 18,9780000000718,Available,1,https://library.example.com/books/718
B0719,719,Book 719,Author 19,9780000000719,Available,1,https://library.example.com/books/719
B0720,720,Book 720,Author 20,9780000000720,Available,1,https://library.example.com/books/720
B0721,721,Book 721,Author 21,9780000000721,Available,1,https://library.example.com/books/721
B0722,722,Book 722,Author 22,9780000000722,Available,1,https://library.example.com/books/722
B0723,723,Book 723,Author 23,9780000000723,Available,1,https://library.example.com/books/723
B0724,724,Book 724,Author 24,9780000000724,Available,1,https://library.example.com/books/724
B0725,725,Book 725,Author 25,9780000000725,Available,1,https://library.example.com/books/725
B0726,726,Book 726,Author 26,9780000000726,Available,1,https://library.example.com/books/726
B0727,727,Book 727,Author 27,9780000000727,Available,1,https://library.example.com/books/727
B0728,728,Book 728,Author 28,9780000000728,Available,1,https://library.example.com/books/728
B0729,729,Book 729,Author 29,9780000000729,Available,1,https://library.example.com/books/729
B0730,730,Book 730,Author 30,9780000000730,Available,1,https://library.example.com/books/730
B0731,731,Book 731,Author 31,9780000000731,Available,1,https://library.example.com/books/731
B0732,732,Book 732,Author 32,9780000000732,Available,1,https://library.example.com/books/732
B0733,733,Book 733,Author 33,9780000000733,Available,1,https://library.example.com/books/733
B0734,734,Book 734,Author 34,9780000000734,Available,1,https://library.example.com/books/734
B0735,735,Book 735,Author 35,9780000000735,Available,1,https://library.example.com/books/735
B0736,736,Book 736,Author 36,9780000000736,Available,1,https://library.example.com/books/736
B0737,737,Book 737,Author 37,9780000000737,Available,1,https://library.example.com/books/737
B0738,738,Book 738,Author 38,9780000000738,Available,1,https://library.example.com/books/738
B0739,739,Book 739,Author 39,9780000000739,Available,1,https://library.example.com/books/739
B0740,740,Book 740,Author 40,9780000000740,Available,1,https://library.example.com/books/740
B0741,741,Book 741,Author 41,9780000000741,Available,1,https://library.example.com/books/741
B0742,742,Book 742,Author 42,9780000000742,Available,1,https://library.example.com/books/742
B0743,743,Book 743,Author 43,9780000000743,Available,1,https://library.example.com/books/743
B0744,744,Book 744,Author 44,9780000000744,Available,1,https://library.example.com/books/744
B0745,745,Book 745,Author 45,9780000000745,Available,1,https://library.example.com/books/745
B0746,746,Book 746,Author 46,9780000000746,Available,1,https://library.example.com/books/746
B0747,747,Book 747,Author 47,9780000000747,Available,1,https://library.example.com/books/747
B0748,748,Book 748,Author 48,9780000000748,Available,1,https://library.example.com/books/748
B0749,749,Book 749,Author 49,9780000000749,Available,1,https://library.example.com/books/749
B0750,750,Book 750,Author 50,9780000000750,Available,1,https://library.example.com/books/750
B0751,751,Book 751,Author 1,9780000000751,Available,1,https://library.example.com/books/751
B0752,752,Book 752,Author 2,9780000000752,Available,1,https://library.example.com/books/752
B0753,753,Book 753,Author 3,9780000000753,Available,1,https://library.example.com/books/753
B0754,754,Book 754,Author 4,9780000000754,Available,1,https://library.example.com/books/754
B0755,755,Book 755,Author 5,9780000000755,Available,1,https://library.example.com/books/755
B0756,756,Book 756,Author 6,9780000000756,Available,1,https://library.example.com/books/756
B0757,757,Book 757,Author 7,9780000000757,Available,1,https://library.example.com/books/757
B0758,758,Book 758,Author 8,9780000000758,Available,1,https://library.example.com/books/758
B0759,759,Book 759,Author 9,9780000000759,Available,1,https://library.example.com/books/759
B0760,760,Book 760,Author 10,9780000000760,Available,1,https://library.example.com/books/760
B0761,761,Book 761,Author 11,9780000000761,Available,1,https://library.example.com/books/761
B0762,762,Book 762,Author 12,9780000000762,Available,1,https://library.example.com/books/762
B0763,763,Book 763,Author 13,9780000000763,Available,1,https://library.example.com/books/763
B0764,764,Book 764,Author 14,9780000000764,Available,1,https://library.example.com/books/764
B0765,765,Book 765,Author 15,9780000000765,Available,1,https://library.example.com/books/765
B0766,766,Book 766,Author 16,9780000000766,Available,1,https://library.example.com/books/766
B0767,767,Book 767,Author 17,9780000000767,Available,1,https://library.example.com/books/767
B0768,768,Book 768,Author 18,9780000000768,Available,1,https://library.example.com/books/768
B0769,769,Book 769,Author 19,9780000000769,Available,1,https://library.example.com/books/769
B0770,770,Book 770,Author 20,9780000000770,Available,1,https://library.example.com/books/770
B0771,771,Book 771,Author 21,9780000000771,Available,1,https://library.example.com/books/771
B0772,772,Book 772,Author 22,9780000000772,Available,1,https://library.example.com/books/772
B0773,773,Book 773,Author 23,9780000000773,Available,1,https://library.example.com/books/773
B0774,774,Book 774,Author 24,9780000000774,Available,1,https://library.example.com/books/774
B0775,775,Book 775,Author 25,9780000000775,Available,1,https://library.example.com/books/775
B0776,776,Book 776,Author 26,9780000000776,Available,1,https://library.example.com/books/776
B0777,777,Book 777,Author 27,9780000000777,Available,1,https://library.example.com/books/777
B0778,778,Book 778,Author 28,9780000000778,Available,1,https://library.example.com/books/778
B0779,779,Book 779,Author 29,9780000000779,Available,1,https://library.example.com/books/779
B0780,780,Book 780,Author 30,9780000000780,Available,1,https://library.example.com/books/780
B0781,781,Book 781,Author 31,9780000000781,Available,1,https://library.example.com/books/781
B0782,782,Book 782,Author 32,9780000000782,Available,1,https://library.example.com/books/782
B0783,783,Book 783,Author 33,9780000000783,Available,1,https://library.example.com/books/783
B0784,784,Book 784,Author 34,9780000000784,Available,1,https://library.example.com/books/784
B0785,785,Book 785,Author 35,9780000000785,Available,1,https://library.example.com/books/785
B0786,786,Book 786,Author 36,9780000000786,Available,1,https://library.example.com/books/786
B0787,787,Book 787,Author 37,9780000000787,Available,1,https://library.example.com/books/787
B0788,788,Book 788,Author 38,9780000000788,Available,1,https://library.example.com/books/788
B0789,789,Book 789,Author 39,9780000000789,Available,1,https://library.example.com/books/789
B0790,790,Book 790,Author 40,9780000000790,Available,1,https://library.example.com/books/790
B0791,791,Book 791,Author 41,9780000000791,Available,1,https://library.example.com/books/791
B0792,792,Book 792,Author 42,9780000000792,Available,1,https://library.example.com/books/792
B0793,793,Book 793,Author 43,9780000000793,Available,1,https://library.example.com/books/793
B0794,794,Book 794,Author 44,9780000000794,Available,1,https://library.example.com/books/794
B0795,795,Book 795,Author 45,9780000000795,Available,1,https://library.example.com/books/795
B0796,796,Book 796,Author 46,9780000000796,Available,1,https://library.example.com/books/796
B0797,797,Book 797,Author 47,9780000000797,Available,1,https://library.example.com/books/797
B0798,798,Book 798,Author 48,9780000000798,Available,1,https://library.example.com/books/798
B0799,799,Book 799,Author 49,9780000000799,Available,1,https://library.example.com/books/799
B0800,800,Book 800,Author 50,9780000000800,Available,1,https://library.example.com/books/800
B0801,801,Book 801,Author 1,9780000000801,Available,1,https://library.example.com/books/801
B0802,802,Book 802,Author 2,9780000000802,Available,1,https://library.example.com/books/802
B0803,803,Book 803,Author 3,9780000000803,Available,1,https://library.example.com/books/803
B0804,804,Book 804,Author 4,9780000000804,Available,1,https://library.example.com/books/804
B0805,805,Book 805,Author 5,9780000000805,Available,1,https://library.example.com/books/805
B0806,806,Book 806,Author 6,9780000000806,Available,1,https://library.example.com/books/806
B0807,807,Book 807,Author 7,9780000000807,Available,1,https://library.example.com/books/807
B0808,808,Book 808,Author 8,9780000000808,Available,1,https://library.example.com/books/808
B0809,809,Book 809,Author 9,9780000000809,Available,1,https://library.example.com/books/809
B0810,810,Book 810,Author 10,9780000000810,Available,1,https://library.example.com/books/810
B0811,811,Book 811,Author 11,9780000000811,Available,1,https://library.example.com/books/811
B0812,812,Book 812,Author 12,9780000000812,Available,1,https://library.example.com/books/812
B0813,813,Book 813,Author 13,9780000000813,Available,1,https://library.example.com/books/813
B0814,814,Book 814,Author 14,9780000000814,Available,1,https://library.example.com/books/814
B0815,815,Book 815,Author 15,9780000000815,Available,1,https://library.example.com/books/815
B0816,816,Book 816,Author 16,9780000000816,Available,1,https://library.example.com/books/816
B0817,817,Book 817,Author 17,9780000000817,Available,1,https://library.example.com/books/817
B0818,818,Book 818,Author 18,9780000000818,Available,1,https://library.example.com/books/818
B0819,819,Book 819,Author 19,9780000000819,Available,1,https://library.example.com/books/819
B0820,820,Book 820,Author 20,9780000000820,Available,1,https://library.example.com/books/820
B0821,821,Book 821,Author 21,9780000000821,Available,1,https://library.example.com/books/821
B0822,822,Book 822,Author 22,9780000000822,Available,1,https://library.example.com/books/822
B0823,823,Book 823,Author 23,9780000000823,Available,1,https://library.example.com/books/823
B0824,824,Book 824,Author 24,9780000000824,Available,1,https://library.example.com/books/824
B0825,825,Book 825,Author 25,9780000000825,Available,1,https://library.example.com/books/825
B0826,826,Book 826,Author 26,9780000000826,Available,1,https://library.example.com/books/826
B0827,827,Book 827,Author 27,9780000000827,Available,1,https://library.example.com/books/827
B0828,828,Book 828,Author 28,9780000000828,Available,1,https://library.example.com/books/828
B0829,829,Book 829,Author 29,9780000000829,Available,1,https://library.example.com/books/829
B0830,830,Book 830,Author 30,9780000000830,Available,1,https://library.example.com/books/830
B0831,831,Book 831,Author 31,9780000000831,Available,1,https://library.example.com/books/831
B0832,832,Book 832,Author 32,9780000000832,Available,1,https://library.example.com/books/832
B0833,833,Book 833,Author 33,9780000000833,Available,1,https://library.example.com/books/833
B0834,834,Book 834,Author 34,9780000000834,Available,1,https://library.example.com/books/834
B0835,835,Book 835,Author 35,9780000000835,Available,1,https://library.example.com/books/835
B0836,836,Book 836,Author 36,9780000000836,Available,1,https://library.example.com/books/836
B0837,837,Book 837,Author 37,9780000000837,Available,1,https://library.example.com/books/837
B0838,838,Book 838,Author 38,9780000000838,Available,1,https://library.example.com/books/838
B0839,839,Book 839,Author 39,9780000000839,Available,1,https://library.example.com/books/839
B0840,840,Book 840,Author 40,9780000000840,Available,1,https://library.example.com/books/840
B0841,841,Book 841,Author 41,9780000000841,Available,1,https://library.example.com/books/841
B0842,842,Book 842,Author 42,9780000000842,Available,1,https://library.example.com/books/842
B0843,843,Book 843,Author 43,9780000000843,Available,1,https://library.example.com/books/843
B0844,844,Book 844,Author 44,9780000000844,Available,1,https://library.example.com/books/844
B0845,845,Book 845,Author 45,9780000000845,Available,1,https://library.example.com/books/845
B0846,846,Book 846,Author 46,9780000000846,Available,1,https://library.example.com/books/846
B0847,847,Book 847,Author 47,9780000000847,Available,1,https://library.example.com/books/847
B0848,848,Book 848,Author 48,9780000000848,Available,1,https://library.example.com/books/848
B0849,849,Book 849,Author 49,9780000000849,Available,1,https://library.example.com/books/849
B0850,850,Book 850,Author 50,9780000000850,Available,1,https://library.example.com/books/850
B0851,851,Book 851,Author 1,9780000000851,Available,1,https://library.example.com/books/851
B0852,852,Book 852,Author 2,9780000000852,Available,1,https://library.example.com/books/852
B0853,853,Book 853,Author 3,9780000000853,Available,1,https://library.example.com/books/853
B0854,854,Book 854,Author 4,9780000000854,Available,1,https://library.example.com/books/854
B0855,855,Book 855,Author 5,9780000000855,Available,1,https://library.example.com/books/855
B0856,856,Book 856,Author 6,9780000000856,Available,1,https://library.example.com/books/856
B0857,857,Book 857,Author 7,9780000000857,Available,1,https://library.example.com/books/857
B0858,858,Book 858,Author 8,9780000000858,Available,1,https://library.example.com/books/858
B0859,859,Book 859,Author 9,9780000000859,Available,1,https://library.example.com/books/859
B0860,860,Book 860,Author 10,9780000000860,Available,1,https://library.example.com/books/860
B0861,861,Book 861,Author 11,9780000000861,Available,1,https://library.example.com/books/861
B0862,862,Book 862,Author 12,9780000000862,Available,1,https://library.example.com/books/862
B0863,863,Book 863,Author 13,9780000000863,Available,1,https://library.example.com/books/863
B0864,864,Book 864,Author 14,9780000000864,Available,1,https://library.example.com/books/864
B0865,865,Book 865,Author 15,9780000000865,Available,1,https://library.example.com/books/865
B0866,866,Book 866,Author 16,9780000000866,Available,1,https://library.example.com/books/866
B0867,867,Book 867,Author 17,9780000000867,Available,1,https://library.example.com/books/867
B0868,868,Book 868,Author 18,9780000000868,Available,1,https://library.example.com/books/868
B0869,869,Book 869,Author 19,9780000000869,Available,1,https://library.example.com/books/869
B0870,870,Book 870,Author 20,9780000000870,Available,1,https://library.example.com/books/870
B0871,871,Book 871,Author 21,9780000000871,Available,1,https://library.example.com/books/871
B0872,872,Book 872,Author 22,9780000000872,Available,1,https://library.example.com/books/872
B0873,873,Book 873,Author 23,9780000000873,Available,1,https://library.example.com/books/873
B0874,874,Book 874,Author 24,9780000000874,Available,1,https://library.example.com/books/874
B0875,875,Book 875,Author 25,9780000000875,Available,1,https://library.example.com/books/875
B0876,876,Book 876,Author 26,9780000000876,Available,1,https://library.example.com/books/876
B0877,877,Book 877,Author 27,9780000000877,Available,1,https://library.example.com/books/877
B0878,878,Book 878,Author 28,9780000000878,Available,1,https://library.example.com/books/878
B0879,879,Book 879,Author 29,9780000000879,Available,1,https://library.example.com/books/879
B0880,880,Book 880,Author 30,9780000000880,Available,1,https://library.example.com/books/880
B0881,881,Book 881,Author 31,9780000000881,Available,1,https://library.example.com/books/881
B0882,882,Book 882,Author 32,9780000000882,Available,1,https://library.example.com/books/882
B0883,883,Book 883,Author 33,9780000000883,Available,1,https://library.example.com/books/883
B0884,884,Book 884,Author 34,9780000000884,Available,1,https://library.example.com/books/884
B0885,885,Book 885,Author 35,9780000000885,Available,1,https://library.example.com/books/885
B0886,886,Book 886,Author 36,9780000000886,Available,1,https://library.example.com/books/886
B0887,887,Book 887,Author 37,9780000000887,Available,1,https://library.example.com/books/887
B0888,888,Book 888,Author 38,9780000000888,Available,1,https://library.example.com/books/888
B0889,889,Book 889,Author 39,9780000000889,Available,1,https://library.example.com/books/889
B0890,890,Book 890,Author 40,9780000000890,Available,1,https://library.example.com/books/890
B0891,891,Book 891,Author 41,9780000000891,Available,1,https://library.example.com/books/891
B0892,892,Book 892,Author 42,9780000000892,Available,1,https://library.example.com/books/892
B0893,893,Book 893,Author 43,9780000000893,Available,1,https://library.example.com/books/893
B0894,894,Book 894,Author 44,9780000000894,Available,1,https://library.example.com/books/894
B0895,895,Book 895,Author 45,9780000000895,Available,1,https://library.example.com/books/895
B0896,896,Book 896,Author 46,9780000000896,Available,1,https://library.example.com/books/896
B0897,897,Book 897,Author 47,9780000000897,Available,1,https://library.example.com/books/897
B0898,898,Book 898,Author 48,9780000000898,Available,1,https://library.example.com/books/898
B0899,899,Book 899,Author 49,9780000000899,Available,1,https://library.example.com/books/899
B0900,900,Book 900,Author 50,9780000000900,Available,1,https://library.example.com/books/900
B0901,901,Book 901,Author 1,9780000000901,Available,1,https://library.example.com/books/901
B0902,902,Book 902,Author 2,9780000000902,Available,1,https://library.example.com/books/902
B0903,903,Book 903,Author 3,9780000000903,Available,1,https://library.example.com/books/903
B0904,904,Book 904,Author 4,9780000000904,Available,1,https://library.example.com/books/904
B0905,905,Book 905,Author 5,9780000000905,Available,1,https://library.example.com/books/905
B0906,906,Book 906,Author 6,9780000000906,Available,1,https://library.example.com/books/906
B0907,907,Book 907,Author 7,9780000000907,Available,1,https://library.example.com/books/907
B0908,908,Book 908,Author 8,9780000000908,Available,1,https://library.example.com/books/908
B0909,909,Book 909,Author 9,9780000000909,Available,1,https://library.example.com/books/909
B0910,910,Book 910,Author 10,9780000000910,Available,1,https://library.example.com/books/910
B0911,911,Book 911,Author 11,9780000000911,Available,1,https://library.example.com/books/911
B0912,912,Book 912,Author 12,9780000000912,Available,1,https://library.example.com/books/912
B0913,913,Book 913,Author 13,9780000000913,Available,1,https://library.example.com/books/913
B0914,914,Book 914,Author 14,9780000000914,Available,1,https://library.example.com/books/914
B0915,915,Book 915,Author 15,9780000000915,Available,1,https://library.example.com/books/915
B0916,916,Book 916,Author 16,9780000000916,Available,1,https://library.example.com/books/916
B0917,917,Book 917,Author 17,9780000000917,Available,1,https://library.example.com/books/917
B0918,918,Book 918,Author 18,9780000000918,Available,1,https://library.example.com/books/918
B0919,919,Book 919,Author 19,9780000000919,Available,1,https://library.example.com/books/919
B0920,920,Book 920,Author 20,9780000000920,Available,1,https://library.example.com/books/920
B0921,921,Book 921,Author 21,9780000000921,Available,1,https://library.example.com/books/921
B0922,922,Book 922,Author 22,9780000000922,Available,1,https://library.example.com/books/922
B0923,923,Book 923,Author 23,9780000000923,Available,1,https://library.example.com/books/923
B0924,924,Book 924,Author 24,9780000000924,Available,1,https://library.example.com/books/924
B0925,925,Book 925,Author 25,9780000000925,Available,1,https://library.example.com/books/925
B0926,926,Book 926,Author 26,9780000000926,Available,1,https://library.example.com/books/926
B0927,927,Book 927,Author 27,9780000000927,Available,1,https://library.example.com/books/927
B0928,928,Book 928,Author 28,9780000000928,Available,1,https://library.example.com/books/928
B0929,929,Book 929,Author 29,9780000000929,Available,1,https://library.example.com/books/929
B0930,930,Book 930,Author 30,9780000000930,Available,1,https://library.example.com/books/930
B0931,931,Book 931,Author 31,9780000000931,Available,1,https://library.example.com/books/931
B0932,932,Book 932,Author 32,9780000000932,Available,1,https://library.example.com/books/932
B0933,933,Book 933,Author 33,9780000000933,Available,1,https://library.example.com/books/933
B0934,934,Book 934,Author 34,9780000000934,Available,1,https://library.example.com/books/934
B0935,935,Book 935,Author 35,9780000000935,Available,1,https://library.example.com/books/935
B0936,936,Book 936,Author 36,9780000000936,Available,1,https://library.example.com/books/936
B0937,937,Book 937,Author 37,9780000000937,Available,1,https://library.example.com/books/937
B0938,938,Book 938,Author 38,9780000000938,Available,1,https://library.example.com/books/938
B0939,939,Book 939,Author 39,9780000000939,Available,1,https://library.example.com/books/939
B0940,940,Book 940,Author 40,9780000000940,Available,1,https://library.example.com/books/940
B0941,941,Book 941,Author 41,9780000000941,Available,1,https://library.example.com/books/941
B0942,942,Book 942,Author 42,9780000000942,Available,1,https://library.example.com/books/942
B0943,943,Book 943,Author 43,9780000000943,Available,1,https://library.example.com/books/943
B0944,944,Book 944,Author 44,9780000000944,Available,1,https://library.example.com/books/944
B0945,945,Book 945,Author 45,9780000000945,Available,1,https://library.example.com/books/945
B0946,946,Book 946,Author 46,9780000000946,Available,1,https://library.example.com/books/946
B0947,947,Book 947,Author 47,9780000000947,Available,1,https://library.example.com/books/947
B0948,948,Book 948,Author 48,9780000000948,Available,1,https://library.example.com/books/948
B0949,949,Book 949,Author 49,9780000000949,Available,1,https://library.example.com/books/949
B0950,950,Book 950,Author 50,9780000000950,Available,1,https://library.example.com/books/950
B0951,951,Book 951,Author 1,9780000000951,Available,1,https://library.example.com/books/951
B0952,952,Book 952,Author 2,9780000000952,Available,1,https://library.example.com/books/952
B0953,953,Book 953,Author 3,9780000000953,Available,1,https://library.example.com/books/953
B0954,954,Book 954,Author 4,9780000000954,Available,1,https://library.example.com/books/954
B0955,955,Book 955,Author 5,9780000000955,Available,1,https://library.example.com/books/955
B0956,956,Book 956,Author 6,9780000000956,Available,1,https://library.example.com/books/956
B0957,957,Book 957,Author 7,9780000000957,Available,1,https://library.example.com/books/957
B0958,958,Book 958,Author 8,9780000000958,Available,1,https://library.example.com/books/958
B0959,959,Book 959,Author 9,9780000000959,Available,1,https://library.example.com/books/959
B0960,960,Book 960,Author 10,9780000000960,Available,1,https://library.example.com/books/960
B0961,961,Book 961,Author 11,9780000000961,Available,1,https://library.example.com/books/961
B0962,962,Book 962,Author 12,9780000000962,Available,1,https://library.example.com/books/962
B0963,963,Book 963,Author 13,9780000000963,Available,1,https://library.example.com/books/963
B0964,964,Book 964,Author 14,9780000000964,Available,1,https://library.example.com/books/964
B0965,965,Book 965,Author 15,9780000000965,Available,1,https://library.example.com/books/965
B0966,966,Book 966,Author 16,9780000000966,Available,1,https://library.example.com/books/966
B0967,967,Book 967,Author 17,9780000000967,Available,1,https://library.example.com/books/967
B0968,968,Book 968,Author 18,9780000000968,Available,1,https://library.example.com/books/968
B0969,969,Book 969,Author 19,9780000000969,Available,1,https://library.example.com/books/969
B0970,970,Book 970,Author 20,9780000000970,Available,1,https://library.example.com/books/970
B0971,971,Book 971,Author 21,9780000000971,Available,1,https://library.example.com/books/971
B0972,972,Book 972,Author 22,9780000000972,Available,1,https://library.example.com/books/972
B0973,973,Book 973,Author 23,9780000000973,Available,1,https://library.example.com/books/973
B0974,974,Book 974,Author 24,9780000000974,Available,1,https://library.example.com/books/974
B0975,975,Book 975,Author 25,9780000000975,Available,1,https://library.example.com/books/975
B0976,976,Book 976,Author 26,9780000000976,Available,1,https://library.example.com/books/976
B0977,977,Book 977,Author 27,9780000000977,Available,1,https://library.example.com/books/977
B0978,978,Book 978,Author 28,9780000000978,Available,1,https://library.example.com/books/978
B0979,979,Book 979,Author 29,9780000000979,Available,1,https://library.example.com/books/979
B0980,980,Book 980,Author 30,9780000000980,Available,1,https://library.example.com/books/980
B0981,981,Book 981,Author 31,9780000000981,Available,1,https://library.example.com/books/981
B0982,982,Book 982,Author 32,9780000000982,Available,1,https://library.example.com/books/982
B0983,983,Book 983,Author 33,9780000000983,Available,1,https://library.example.com/books/983
B0984,984,Book 984,Author 34,9780000000984,Available,1,https://library.example.com/books/984
B0985,985,Book 985,Author 35,9780000000985,Available,1,https://library.example.com/books/985
B0986,986,Book 986,Author 36,9780000000986,Available,1,https://library.example.com/books/986
B0987,987,Book 987,Author 37,9780000000987,Available,1,https://library.example.com/books/987
B0988,988,Book 988,Author 38,9780000000988,Available,1,https://library.example.com/books/988
B0989,989,Book 989,Author 39,9780000000989,Available,1,https://library.example.com/books/989
B0990,990,Book 990,Author 40,9780000000990,Available,1,https://library.example.com/books/990
B0991,991,Book 991,Author 41,9780000000991,Available,1,https://library.example.com/books/991
B0992,992,Book 992,Author 42,9780000000992,Available,1,https://library.example.com/books/992
B0993,993,Book 993,Author 43,9780000000993,Available,1,https://library.example.com/books/993
B0994,994,Book 994,Author 44,9780000000994,Available,1,https://library.example.com/books/994
B0995,995,Book 995,Author 45,9780000000995,Available,1,https://library.example.com/books/995
B0996,996,Book 996,Author 46,9780000000996,Available,1,https://library.example.com/books/996
B0997,997,Book 997,Author 47,9780000000997,Available,1,https://library.example.com/books/997
B0998,998,Book 998,Author 48,9780000000998,Available,1,https://library.example.com/books/998
B0999,999,Book 999,Author 49,9780000000999,Available,1,https://library.example.com/books/999
B1000,1000,Book 1000,Author 50,9780000001000,Available,1,https://library.example.com/books/1000
